"Parasite.species","tree_tips"
"Abbreviata antarctica","Abbreviata_antarctica"
"Abbreviata caucasica","Abbreviata_caucasica"
"Abbreviata kazachstanica","Abbreviata_kazachstanica"
"Abbreviata turkomanica","Abbreviata_turkomanica"
"Acanthobothrium brevissime","Acanthobothrium_brevissime"
"Acanthobothrium olseni","Acanthobothrium_olseni"
"Acanthocephalus anguillae","Acanthocephalus_anguillae"
"Acanthocephalus anthuris","Acanthocephalus_anthuris"
"Acanthocephalus clavula","Acanthocephalus_clavula"
"Acanthocephalus dirus","Acanthocephalus_dirus"
"Acanthocephalus galaxii","Acanthocephalus_galaxii"
"Acanthocephalus lucii","Acanthocephalus_lucii"
"Acanthocephalus ranae","Acanthocephalus_ranae"
"Acanthocephalus rhinensis","Acanthocephalus_rhinensis"
"Acanthocephalus sp.","Acanthocephalus_sp."
"Acanthocephalus tumescens","Acanthocephalus_tumescens"
"Acanthocirrus retrirostris","Acanthocirrus_retrirostris"
"Acanthogyrus (Acanthosentis) lizae","Acanthogyrus_adriaticus"
"Acanthosentis dattai","Acanthosentis_dattai"
"Acuaria anthuris","Acuaria_anthuris"
"Acuaria depressa","Acuaria_depressa"
"Acuaria gruveli","Acuaria_gruveli"
"Acuaria hamulosa","Acuaria_hamulosa"
"Acuaria subula","Acuaria_subula"
"Aelurostrongylus abstrusus","Aelurostrongylus_abstrusus"
"Aelurostrongylus falciformis","Aelurostrongylus_falciformis"
"Aelurostrongylus pridhami","Aelurostrongylus_pridhami"
"Allodapa suctoria","Allodapa_suctoria"
"Amidostomum acutum","Amidostomum_acutum"
"Amidostomum anseris","Amidostomum_anseris"
"Amidostomum fulicae","Amidostomum_fulicae"
"Amirthalingamia macracantha","Amirthalingamia_macracantha"
"Amoebotaenia cuneata","Amoebotaenia_cuneata"
"Amphilina foliacea","Amphilina_foliacea"
"Amplicaecum robertsi","Ophidascaris_robertsi"
"Ancyracanthopsis winegardi","Ancyracanthopsis_winegardi"
"Andersonstrongylus captivensis","Andersonstrongylus_captivensis"
"Angiostrongylus andersoni","Angiostrongylus_andersoni"
"Angiostrongylus cantonensis","Angiostrongylus_cantonensis"
"Angiostrongylus costaricensis","Angiostrongylus_costaricensis"
"Angiostrongylus dujardini","Angiostrongylus_dujardini"
"Angiostrongylus mackerrasae","Angiostrongylus_mackerrasae"
"Angiostrongylus malaysiensis","Angiostrongylus_malaysiensis"
"Angiostrongylus schmidti","Angiostrongylus_schmidti"
"Angiostrongylus siamensis","Angiostrongylus_siamensis"
"Angiostrongylus vasorum","Angiostrongylus_vasorum"
"Anguillicola crassus","Anguillicola_crassus"
"Anguillicola globiceps","Anguillicola_globiceps"
"Anguillicola novaezelandiae","Anguillicola_novaezelandiae"
"Anguillicola papernai","Anguillicola_papernai"
"Anisakis berlandi","Anisakis_berlandi"
"Anisakis brevispiculata","Anisakis_brevispiculata"
"Anisakis nascettii","Anisakis_nascettii"
"Anisakis paggiae","Anisakis_paggiae"
"Anisakis pegreffii","Anisakis_pegreffii"
"Anisakis physeteris","Anisakis_physeteris"
"Anisakis simplex","Anisakis_simplex"
"Anisakis typica","Anisakis_typica"
"Anisakis ziphidarum","Anisakis_ziphidarum"
"Anomotaenia brevis","Anomotaenia_brevis"
"Anomotaenia clavigera","Anomotaenia_clavigera"
"Anomotaenia constricta","Anomotaenia_constricta"
"Anomotaenia pyriformis","Anomotaenia_pyriformis"
"Anomotaenia tringae","Anomotaenia_tringae"
"Anoplocephala magna","Anoplocephala_magna"
"Anoplocephala manubriata","Anoplocephala_manubriata"
"Anoplocephala perfoliata","Anoplocephala_perfoliata"
"Anoplotaenia dasyuri","Anoplotaenia_dasyuri"
"Anthobothrium sp. 1","Anthobothrium_sp._1"
"Anthobothrium sp. 2","Anthobothrium_sp._2"
"Aonchotheca bovis","Aonchotheca_bovis"
"Aonchotheca bursata","Aonchotheca_bursata"
"Aonchotheca caudinflata","Aonchotheca_caudinflata"
"Aonchotheca erinacei","Aonchotheca_erinacei"
"Aonchotheca putorii","Aonchotheca_putorii"
"Aplectana courdurieri","Aplectana_courdurieri"
"Aplectana macintoshii","Aplectana_macintoshii"
"Aploparaksis australis","Aploparaksis_australis"
"Aploparaksis birulai","Aploparaksis_birulai"
"Aploparaksis brachyphallos","Aploparaksis_brachyphallos"
"Aploparaksis crassirostris","Aploparaksis_crassirostris"
"Aploparaksis demshini","Aploparaksis_demshini"
"Aploparaksis filum","Aploparaksis_filum"
"Aploparaksis furcigera","Aploparaksis_furcigera"
"Aploparaksis kornyushini","Aploparaksis_kornyushini"
"Aploparaksis orientalis","Aploparaksis_orientalis"
"Aploparaksis penetrans","Aploparaksis_penetrans"
"Aploparaksis pseudofilum","Aploparaksis_pseudofilum"
"Aploparaksis rissae","Aploparaksis_rissae"
"Aploparaksis sinensis","Aploparaksis_sinensis"
"Aporhynchus norvegicus","Aporhynchus_norvegicus"
"Aprostatandrya cricetuli","Aprostatandrya_cricetuli"
"Archigetes iowensis","Archigetes_iowensis"
"Archigetes limnodrili","Archigetes_limnodrili"
"Archigetes sieboldi","Archigetes_sieboldi"
"Arhythmorhynchus frassoni","Arhythmorhynchus_frassoni"
"Ascaridia columbae","Ascaridia_columbae"
"Ascaridia compar","Ascaridia_compar"
"Ascaridia dissimilis","Ascaridia_dissimilis"
"Ascaridia galli","Ascaridia_galli"
"Ascaridia numidae","Ascaridia_numidae"
"Ascaris lumbricoides","Ascaris_lumbricoides"
"Ascaris suum","Ascaris_suum"
"Ascarophis arctica","Ascarophis_arctica"
"Ascarophis filiformis","Ascarophis_filiformis"
"Ascarophis marina","Ascarophis_marina"
"Ascarophis morrhuae","Ascarophis_morrhuae"
"Ascarophis pacificus","Ascarophis_pacificus"
"Ascarophis sp. A","Ascarophis_sp._A"
"Ascarophis sp. B","Ascarophis_sp._B"
"Ascarophis sp. C","Ascarophis_sp._C"
"Ascarophis sp. D","Ascarophis_sp._D"
"Ascarophis sp. E","Ascarophis_sp._E"
"Ascarophis sp. F","Ascarophis_sp._F"
"Ascarops strongylina","Ascarops_strongylina"
"Aspersentis megarhynchus","Aspersentis_megarhynchus"
"Aspiculuris tetraptera","Aspiculuris_tetraptera"
"Atactorhynchus verecundus","Atactorhynchus_verecundus"
"Atractolytocestus sagittatus","Atractolytocestus_sagittatus"
"Atriotaenia procyonis","Atriotaenia_procyonis"
"Austramphilina elongata","Austramphilina_elongata"
"Avioserpens galliardi","Avioserpens_galliardi"
"Avioserpens mosgovoyi","Avioserpens_mosgovoyi"
"Avioserpens taiwana","Avioserpens_taiwana"
"Avitellina arctica","Avitellina_arctica"
"Avitellina centripunctata","Avitellina_centripunctata"
"Avitellina lahorea","Avitellina_lahorea"
"Baruscapillaria obsignata","Baruscapillaria_obsignata"
"Batrachocamallanus slomei","Batrachocamallanus_slomei"
"Baylisascaris columnaris","Baylisascaris_columnaris"
"Baylisascaris devosi","Baylisascaris_devosi"
"Baylisascaris laevis","Baylisascaris_laevis"
"Baylisascaris potosis","Baylisascaris_potosis"
"Baylisascaris procyonis","Baylisascaris_procyonis"
"Baylisascaris schroederi","Baylisascaris_schroederi"
"Baylisascaris tasmaniensis","Baylisascaris_tasmaniensis"
"Baylisascaris transfuga","Baylisascaris_transfuga"
"Bertiella mucronata","Bertiella_mucronata"
"Bertiella studeri","Bertiella_studeri"
"Biacetabulum biloculoides","Biacetabulum_biloculoides"
"Biacetabulum infrequens","Biacetabulum_infrequens"
"Biacetabulum macrocephalum","Biacetabulum_macrocephalum"
"Blatticola blattae","Blatticola_blattae"
"Bolbosoma balaenae","Bolbosoma_balaenae"
"Bolbosoma nipponicum","Bolbosoma_nipponicum"
"Bolbosoma vasculosum","Bolbosoma_vasculosum"
"Bothridium pythonis","Bothridium_pythonis"
"Bothrimonus fallax","Bothrimonus_fallax"
"Bothriocephalus acheilognathi","Bothriocephalus_acheilognathi"
"Bothriocephalus barbatus","Bothriocephalus_barbatus"
"Bothriocephalus claviceps","Bothriocephalus_claviceps"
"Bothriocephalus cuspidatus","Bothriocephalus_cuspidatus"
"Bothriocephalus gregarius","Bothriocephalus_gregarius"
"Bothriocephalus opsariichthydis","Bothriocephalus_opsariichthydis"
"Bothriocephalus rarus","Bothriocephalus_rarus"
"Bothriocephalus scorpii","Bothriocephalus_scorpii"
"Branchiopodataenia anaticapicirra","Branchiopodataenia_anaticapicirra"
"Branchiopodataenia arctowskii","Branchiopodataenia_arctowskii"
"Branchiopodataenia gvozdevi","Branchiopodataenia_gvozdevi"
"Branchiopodataenia haldemani","Branchiopodataenia_haldemani"
"Branchiopodataenia pacifica","Branchiopodataenia_pacifica"
"Brevimulticaecum tenuicolle","Brevimulticaecum_tenuicolle"
"Caballerorhynchus lamothei","Caballerorhynchus_lamothei"
"Calliobothrium verticillatum","Calliobothrium_verticillatum"
"Callotetrarhynchus nipponica","Callitetrarhynchus_gracilis"
"Camallanus anabantis","Camallanus_anabantis"
"Camallanus corderoi","Camallanus_corderoi"
"Camallanus cotti","Camallanus_cotti"
"Camallanus lacustris","Camallanus_lacustris"
"Camallanus oxycephalus","Camallanus_oxycephalus"
"Camallanus truncatus","Camallanus_truncatus"
"Camallanus xenentodoni","Camallanus_xenentodoni"
"Capillaria anatis","Capillaria_anatis"
"Capillaria gracilis","Capillaria_gracilis"
"Capillaria oesophagealis","Capillaria_oesophagealis"
"Capillaria phasianina","Capillaria_phasianina"
"Capillaria pterophylli","Capillaria_pterophylli"
"Capillospirura pseudoargumentosa","Capillospirura_pseudoargumentosa"
"Caryophyllaeus laticeps","Caryophyllaeus_laticeps"
"Catenotaenia pusilla","Catenotaenia_pusilla"
"Centrorhynchus aluconis","Centrorhynchus_aluconis"
"Centrorhynchus milvus","Centrorhynchus_milvus"
"Cephalochlamys namaquensis","Cephalochlamys_namaquensis"
"Chabertia ovina","Chabertia_ovina"
"Cheilospirura spinosa","Cheilospirura_spinosa"
"Choanotaenia infundibulum","Choanotaenia_infundibulum"
"Cittotaenia citelli","Cittotaenia_citelli"
"Cittotaenia denticulata","Cittotaenia_denticulata"
"Cladotaenia circi","Cladotaenia_circi"
"Cladotaenia globifera","Cladotaenia_globifera"
"Clavinema fujimotoi","Clavinema_fujimotoi"
"Clistobothrium carcharodoni","Clistobothrium_carcharodoni"
"Clistobothrium cf. montaukensis","Clistobothrium_cf._montaukensis"
"Cloacotaenia megalops","Cloacotaenia_megalops"
"Comephoronema oschmarini","Comephoronema_oschmarini"
"Confluaria furcifera","Confluaria_furcifera"
"Confluaria podicipina","Confluaria_podicipina"
"Contracaecum microcephalum","Contracaecum_microcephalum"
"Contracaecum micropapillatum","Contracaecum_micropapillatum"
"Contracaecum multipapillatum","Contracaecum_multipapillatum"
"Contracaecum ogmorhini s.s.","Contracaecum_ogmorhini_s.s."
"Contracaecum osculatum [A-C]","Contracaecum_osculatum_A-C"
"Contracaecum osculatum [D, E]","Contracaecum_osculatum_D-E"
"Contracaecum osculatum baicalensis","Contracaecum_osculatum_baicalensis"
"Contracaecum pelagicum","Contracaecum_pelagicum"
"Contracaecum rudolphii","Contracaecum_rudolphii"
"Cooperia curticei","Cooperia_curticei"
"Cooperia fuelleborni","Cooperia_fuelleborni"
"Cooperia oncophora","Cooperia_oncophora"
"Cooperia pectinata","Cooperia_pectinata"
"Cooperia punctata","Cooperia_punctata"
"Corallobothrium fimbriatum","Corallobothrium_fimbriatum"
"Corallobothrium parafimbriatum","Corallobothrium_parafimbriatum"
"Corallotaenia minutia","Corallotaenia_minutia"
"Coronacanthus integer","Coronacanthus_integer"
"Coronacanthus omissa","Coronacanthus_omissa"
"Coronacanthus vassilevi","Coronacanthus_vassilevi"
"Corynosoma australe","Corynosoma_australe"
"Corynosoma bullosum","Corynosoma_bullosum"
"Corynosoma cetaceum","Corynosoma_cetaceum"
"Corynosoma hamanni","Corynosoma_hamanni"
"Corynosoma magdaleni","Corynosoma_magdaleni"
"Corynosoma pseudohamanni","Corynosoma_pseudohamanni"
"Corynosoma semerme","Corynosoma_semerme"
"Corynosoma strumosum","Corynosoma_strumosum"
"Cosmocephalus obvelatus","Cosmocephalus_obvelatus"
"Crenosoma mephitidis","Crenosoma_mephitidis"
"Crenosoma petrowi","Crenosoma_petrowi"
"Crenosoma striatum","Crenosoma_striatum"
"Crenosoma vulpis","Crenosoma_vulpis"
"Ctenotaenia marmotae","Ctenotaenia_marmotae"
"Cucullanus chabaudi","Cucullanus_chabaudi"
"Cucullanus cirratus","Cucullanus_cirratus"
"Cucullanus heterochrous","Cucullanus_heterochrous"
"Cyathocephalus truncatus","Cyathocephalus_truncatus"
"Cyathostoma bronchialis","Cyathostoma_bronchialis"
"Cyathostoma lari","Cyathostoma_lari"
"Cyathostomum catinatum","Cyathostomum_catinatum"
"Cyclodontostomum purvisi","Cyclodontostomum_purvisi"
"Cyclustera capito","Cyclustera_capito"
"Cyclustera ibisae","Cyclustera_ibisae"
"Cyclustera ralli","Cyclustera_ralli"
"Cylicocyclus nassatus","Cylicocyclus_nassatus"
"Cylicostephanus longibursatus","Cylicostephanus_longibursatus"
"Cyrnea colini","Cyrnea_colini"
"Cyrnea eurycerca","Cyrnea_eurycerca"
"Cyrnea mansioni","Cyrnea_mansioni"
"Cystidicola cristivomeri","Cystidicola_cristivomeri"
"Cystidicola farionis","Cystidicola_farionis"
"Cystidicoloides tenuissima","Cystidicoloides_tenuissima"
"Cystocaulus ocreatus","Cystocaulus_ocreatus"
"Cystoopsis acipenseri","Cystoopsis_acipenseri"
"Cystoopsis atractostei","Cystoopsis_atractostei"
"Davainea proglottina","Davainea_proglottina"
"Davainea tetraoensis","Davainea_tetraoensis"
"Dentitruncus truttae","Dentitruncus_truttae"
"Desportesius brevicaudatus","Desportesius_brevicaudatus"
"Desportesius invaginatus","Desportesius_invaginatus"
"Dicheilonema rheae","Dicheilonema_rheae"
"Dichelyne bullocki","Dichelyne_bullocki"
"Dichelyne cotylophora","Dichelyne_cotylophora"
"Dichelyne minutus","Dichelyne_minutus"
"Dichoanotaenia gallinagilis","Dichoanotaenia_gallinagilis"
"Dicranotaenia coronula","Dicranotaenia_coronula"
"Dictyocaulus arnfieldi","Dictyocaulus_arnfieldi"
"Dictyocaulus eckerti","Dictyocaulus_eckerti"
"Dictyocaulus filaria","Dictyocaulus_filaria"
"Dictyocaulus viviparus","Dictyocaulus_viviparus"
"Didelphostrongylus hayesi","Didelphostrongylus_hayesi"
"Dilepis undula","Dilepis_undula"
"Dinobothrium sp.","Dinobothrium_sp."
"Dioctophyma renale","Dioctophyme_renale"
"Dioecotaenia cancellata","Dioecotaenia_cancellata"
"Diorchis asiatica","Diorchis_asiatica"
"Diorchis brevis","Diorchis_brevis"
"Diorchis bulbodes","Diorchis_bulbodes"
"Diorchis danutae","Diorchis_danutae"
"Diorchis inflata","Diorchis_inflata"
"Diorchis nyrocae","Diorchis_nyrocae"
"Diorchis parvogenitalis","Diorchis_parvogenitalis"
"Diorchis ransomi","Diorchis_ransomi"
"Diphyllobothrium dendriticum","Diphyllobothrium_dendriticum"
"Diphyllobothrium ditremum","Diphyllobothrium_ditremum"
"Diphyllobothrium latum","Diphyllobothrium_latum"
"Diphyllobothrium nihonkaiense","Diphyllobothrium_nihonkaiense"
"Diplocotyle olrikii","Diplocotyle_olrikii"
"Diplogonoporus balaenopterae","Diplogonoporus_balaenopterae"
"Diploposthe laevis","Diploposthe_laevis"
"Diploposthe skrjabini","Diploposthe_skrjabini"
"Diplopylidium acanthotetra","Diplopylidium_acanthotetra"
"Diplopylidium nölleri","Diplopylidium_nölleri"
"Diplotriaena agelaius","Diplotriaena_agelaius"
"Diplotriaena bargusinica","Diplotriaena_bargusinica"
"Diplotriaena sokolowi","Diplotriaena_sokolowi"
"Diplotriaena tricuspis","Diplotriaena_tricuspis"
"Diplotriaena tridens","Diplotriaena_tridens"
"Dipylidium caninum","Dipylidium_caninum"
"Dispharynx nasuta","Dispharynx_nasuta"
"Dollfusentis chandleri","Dollfusentis_chandleri"
"Dracunculus doi","Dracunculus_doi"
"Dracunculus globocephalus","Dracunculus_globocephalus"
"Dracunculus insignis","Dracunculus_insignis"
"Dracunculus medinensis","Dracunculus_medinensis"
"Dracunculus oesophagea","Dracunculus_oesophagea"
"Dracunculus ophidensis","Dracunculus_ophidensis"
"Drepanidotaenia bisacculina","Drepanidotaenia_bisacculina"
"Drepanidotaenia lanceolata","Drepanidotaenia_lanceolata"
"Duplicibothrium minutum","Duplicibothrium_minutum"
"Echinobothrium affine","Echinobothrium_affine"
"Echinobothrium benedeni","Echinobothrium_benedeni"
"Echinobothrium chisholmae","Echinobothrium_chisholmae"
"Echinobothrium lateroporum","Echinobothrium_lateroporum"
"Echinobothrium reesae","Echinobothrium_reesae"
"Echinobothrium typus","Echinobothrium_typus"
"Echinocephalus overstreeti","Echinocephalus_overstreeti"
"Echinocephalus pseudouncinatus","Echinocephalus_pseudouncinatus"
"Echinocephalus sinensis","Echinocephalus_sinensis"
"Echinocephalus uncinatus","Echinocephalus_uncinatus"
"Echinococcus borealis","Echinococcus_borealis"
"Echinococcus canadensis","Echinococcus_canadensis"
"Echinococcus equinus","Echinococcus_equinus"
"Echinococcus felidis","Echinococcus_felidis"
"Echinococcus granulosus","Echinococcus_granulosus"
"Echinococcus intermedius","Echinococcus_intermedius"
"Echinococcus multilocularis","Echinococcus_multilocularis"
"Echinococcus oligarthrus","Echinococcus_oligarthrus"
"Echinococcus ortleppi","Echinococcus_ortleppi"
"Echinococcus shiquicus","Echinococcus_shiquicus"
"Echinococcus vogeli","Echinococcus_vogeli"
"Echinocotyle clanguli","Echinocotyle_clanguli"
"Echinocotyle clerci","Echinocotyle_clerci"
"Echinocotyle druzniensis","Echinocotyle_druzniensis"
"Echinocotyle rosseteri","Echinocotyle_rosseteri"
"Echinorhynchus borealis","Echinorhynchus_borealis"
"Echinorhynchus bothniensis","Echinorhynchus_bothniensis"
"Echinorhynchus gadi","Echinorhynchus_gadi"
"Echinorhynchus lageniformis","Echinorhynchus_lageniformis"
"Echinorhynchus leidyi","Echinorhynchus_leidyi"
"Echinorhynchus salmonis","Echinorhynchus_salmonis"
"Echinorhynchus sp.","Echinorhynchus_sp."
"Echinorhynchus truttae","Echinorhynchus_truttae"
"Echinuria uncinata","Echinuria_uncinata"
"Elaphostrongylus alces","Elaphostrongylus_alces"
"Elaphostrongylus cervi","Elaphostrongylus_cervi"
"Elaphostrongylus rangiferi","Elaphostrongylus_rangiferi"
"Enterobius vermicularis","Enterobius_vermicularis"
"Epomidiostomum uncinatum","Epomidiostomum_uncinatum"
"Equinia mamillana","Equinia_mamillana"
"Eubothrium crassum","Eubothrium_crassum"
"Eubothrium rugosum","Eubothrium_rugosum"
"Eubothrium salvelini","Eubothrium_salvelini"
"Eucoleus aerophilus","Eucoleus_aerophilus"
"Eucoleus annulatus","Eucoleus_annulatus"
"Eucoleus contortus","Eucoleus_contortus"
"Eucoleus frugilegi","Eucoleus_frugilegi"
"Eurycestus avoceti","Eurycestus_avoceti"
"Eustrongylides excisus","Eustrongylides_excisus"
"Eustrongylides ignotus","Eustrongylides_ignotus"
"Eustrongylides tubifex","Eustrongylides_tubifex"
"Fessisentis fessus","Fessisentis_fessus"
"Fessisentis friedi","Fessisentis_friedi"
"Fessisentis necturorum","Fessisentis_necturorum"
"Filaroides hirthi","Filaroides_hirthi"
"Filaroides martis","Filaroides_martis"
"Filicollis anatis","Filicollis_anatis"
"Fimbriaria fasciolaris","Fimbriaria_fasciolaris"
"Fimbriarioides intermedia","Fimbriarioides_intermedia"
"Fimbriarioides tadornae","Fimbriarioides_tadornae"
"Flamingolepis dolguschini","Flamingolepis_dolguschini"
"Flamingolepis flamingo","Flamingolepis_flamingo"
"Flamingolepis liguloides","Flamingolepis_liguloides"
"Flamingolepis tengizi","Flamingolepis_tengizi"
"Gallegostrongylus australis","Gallegostrongylus_australis"
"Gangesia parasiluri","Gangesia_parasiluri"
"Gastrotaenia paracygni","Gastrotaenia_paracygni"
"Geopetitia aspiculata","Geopetitia_aspiculata"
"Glaridacris catostomi","Glaridacris_catostomi"
"Glaridacris confusa","Glaridacris_confusa"
"Glaridacris vogei","Glaridacris_vogei"
"Glossocercus auritus","Glossocercus_auritus"
"Glossocercus caribaensis","Glossocercus_caribaensis"
"Glossocercus cyprinodontis","Glossocercus_cyprinodontis"
"Gnathostoma binucleatum","Gnathostoma_binucleatum"
"Gnathostoma doloresi","Gnathostoma_doloresi"
"Gnathostoma hispidum","Gnathostoma_hispidum"
"Gnathostoma lamothei","Gnathostoma_lamothei"
"Gnathostoma nipponicum","Gnathostoma_nipponicum"
"Gnathostoma procyonis","Gnathostoma_procyonis"
"Gnathostoma spinigerum","Gnathostoma_spinigerum"
"Gnathostoma turgidum","Gnathostoma_turgidum"
"Gnathostoma vietnamicum","Gnathostoma_vietnamicum"
"Goezia ascaroides","Goezia_ascaroides"
"Golvanacanthus blennii","Golvanacanthus_blennii"
"Gongylonema brevispiculum","Gongylonema_brevispiculum"
"Gongylonema congolense","Gongylonema_congolense"
"Gongylonema dupuisi","Gongylonema_dupuisi"
"Gongylonema ingluvicola","Gongylonema_ingluvicola"
"Gongylonema mucronatum","Gongylonema_mucronatum"
"Gongylonema neoplasticum","Gongylonema_neoplasticum"
"Gongylonema problematicum","Gongylonema_problematicum"
"Gongylonema pulchrum","Gongylonema_pulchrum"
"Gongylonema soricis","Gongylonema_soricis"
"Graphidium strigosum","Graphidium_strigosum"
"Grillotia erinaceus","Grillotia_erinaceus"
"Gynandrotaenia stammeri","Gynandrotaenia_stammeri"
"Gyrinicola batrachiensis","Gyrinicola_batrachiensis"
"Hadjelia truncata","Hadjelia_truncata"
"Haemonchus contortus","Haemonchus_contortus"
"Haemonchus placei","Haemonchus_placei"
"Hammerschmidtiella diesingi","Hammerschmidtiella_diesingi"
"Haplobothrium globuliforme","Haplobothrium_globuliforme"
"Hartertia gallinarum","Hartertia_gallinarum"
"Hartertia obesa","Hartertia_obesa"
"Hassalstrongylus musculi","Hassalstrongylus_musculi"
"Hedruris androphora","Hedruris_androphora"
"Hedruris ijimai","Hedruris_ijimai"
"Hedruris spinigera","Hedruris_spinigera"
"Hedruris suttonae","Hedruris_suttonae"
"Heligmosomoides kurilensis","Heligmosomoides_kurilensis"
"Heligmosomoides laevis","Heligmosomoides_laevis"
"Heligmosomoides polygyrus","Heligmosomoides_polygyrus"
"Heligmosomum mixtum","Heligmosomum_mixtum"
"Hepatojarakus malayae","Hepatojarakus_malayae"
"Heterakis gallinarum","Heterakis_gallinarum"
"Heterakis spumosa","Heterakis_spumosa"
"Hexaglandula corynosoma","Hexaglandula_corynosoma"
"Hexametra angusticaecoides","Hexametra_angusticaecoides"
"Hexametra boddaertii","Hexametra_boddaertii"
"Hexametra quadricornis","Hexametra_quadricornis"
"Hilmylepis nagatyi","Hilmylepis_nagatyi"
"Huffmanela huffmani","Huffmanela_huffmani"
"Hunterella nodulosa","Hunterella_nodulosa"
"Hymenolepis abortiva","Hymenolepis_abortiva"
"Hymenolepis aequabilis","Hymenolepis_aequabilis"
"Hymenolepis cantaniana","Hymenolepis_cantaniana"
"Hymenolepis carioca","Hymenolepis_carioca"
"Hymenolepis citelli","Hymenolepis_citelli"
"Hymenolepis diminuta","Hymenolepis_diminuta"
"Hymenolepis nana","Hymenolepis_nana"
"Hymenolepis peromysci","Hymenolepis_peromysci"
"Hymenolepis tenerrima","Hymenolepis_tenerrima"
"Hymenolepis vistulae","Hymenolepis_vistulae"
"Hyostrongylus rubidus","Hyostrongylus_rubidus"
"Hysterothylacium aduncum","Hysterothylacium_aduncum"
"Hysterothylacium analarum","Hysterothylacium_analarum"
"Hysterothylacium bidentatum","Hysterothylacium_bidentatum"
"Hysterothylacium haze","Hysterothylacium_haze"
"Hystrichis tricolor","Hystrichis_tricolor"
"Ibirhynchus dimorpha","Ibirhynchus_dimorpha"
"Joyeuxiella echinorhynchoides","Joyeuxiella_echinorhynchoides"
"Joyeuxiella pasqualei","Joyeuxiella_pasqualei"
"Joyeuxilepis acanthorhyncha","Joyeuxilepis_acanthorhyncha"
"Joyeuxilepis decacantha","Joyeuxilepis_decacantha"
"Joyeuxilepis octacantha","Joyeuxilepis_octacantha"
"Khawia armeniaca","Khawia_armeniaca"
"Khawia baltica","Khawia_baltica"
"Khawia japonensis","Khawia_japonensis"
"Khawia parva","Khawia_parva"
"Khawia sinensis","Khawia_sinensis"
"Labiostrongylus eugenii","Labiostrongylus_eugenii"
"Lacistorhynchus dollfusi","Lacistorhynchus_dollfusi"
"Lacistorhynchus tenuis","Lacistorhynchus_tenuis"
"Lagochilascaris major","Lagochilascaris_major"
"Lagochilascaris minor","Lagochilascaris_minor"
"Lagochilascaris sprenti","Lagochilascaris_sprenti"
"Lateriporus clerci","Lateriporus_clerci"
"Lateriporus mathevossianae","Lateriporus_mathevossianae"
"Lateriporus skrjabini","Lateriporus_skrjabini"
"Lateriporus teres","Lateriporus_teres"
"Leidynema appendiculata","Leidynema_appendiculata"
"Leptorhynchoides acanthidion","Leptorhynchoides_acanthidion"
"Leptorhynchoides apoglyphicus","Leptorhynchoides_apoglyphicus"
"Leptorhynchoides atlanteus","Leptorhynchoides_atlanteus"
"Leptorhynchoides macrorchis","Leptorhynchoides_macrorchis"
"Leptorhynchoides nebularosis","Leptorhynchoides_nebularosis"
"Leptorhynchoides seminolus","Leptorhynchoides_seminolus"
"Leptorhynchoides thecatus","Leptorhynchoides_thecatus"
"Libyostrongylus douglassii","Libyostrongylus_douglassii"
"Liga facile","Liga_facile"
"Ligula intestinalis","Ligula_intestinalis"
"Lineolepis scutigera","Lineolepis_scutigera"
"Lueheia inscripta","Lueheia_inscripta"
"Macracanthorhynchus catulinus","Macracanthorhynchus_catulinus"
"Macracanthorhynchus hirudinaceous","Macracanthorhynchus_hirudinaceous"
"Macracanthorhynchus ingens","Macracanthorhynchus_ingens"
"Mastophorus muris","Mastophorus_muris"
"Mathevolepis skrjabini","Mathevolepis_skrjabini"
"Mathevotaenia deserti","Mathevotaenia_deserti"
"Mathevotaenia symmetrica","Mathevotaenia_symmetrica"
"Maupasina weissi","Maupasina_weissi"
"Mediorhynchus centurorum","Mediorhynchus_centurorum"
"Mediorhynchus grandis","Mediorhynchus_grandis"
"Megalobatrachonema terdentatum","Megalobatrachonema_terdentatum"
"Megathylacoides giganteum","Megathylacoides_giganteum"
"Mesidionema praecomasculatis","Mesidionema_praecomasculatis"
"Mesocestoides corti/variabilis/vogae","Mesocestoides_corti"
"Mesocestoides lineatus/litteratus","Mesocestoides_lineatus"
"Metacanthocephalus johnstoni","Metacanthocephalus_johnstoni"
"Metaleptus rabuka","Mooleptus_rabuka"
"Metastrongylus apri","Metastrongylus_apri"
"Metastrongylus pudendotectus","Metastrongylus_pudendotectus"
"Metastrongylus salmi","Metastrongylus_salmi"
"Metroliasthes lucida","Metroliasthes_lucida"
"Microcephaloides variabilis","Microcephaloides_variabilis"
"Micropleura indica","Micropleura_indica"
"Microsomacanthus albertensis","Microsomacanthus_albertensis"
"Microsomacanthus compressa","Microsomacanthus_compressa"
"Microsomacanthus diorchis","Microsomacanthus_diorchis"
"Microsomacanthus ductilis","Microsomacanthus_ductilis"
"Microsomacanthus hopkinsi","Microsomacanthus_hopkinsi"
"Microsomacanthus microskrjabini","Microsomacanthus_microskrjabini"
"Microsomacanthus paracompressa","Microsomacanthus_paracompressa"
"Microsomacanthus paramicrosoma","Microsomacanthus_paramicrosoma"
"Microsomacanthus paraparvula","Microsomacanthus_paraparvula"
"Microsomacanthus pusilla","Microsomacanthus_pusilla"
"Microsomacanthus spinocirrosa","Microsomacanthus_spinocirrosa"
"Microsomacanthus spiralibursata","Microsomacanthus_spiralibursata"
"Microsomacanthus trombidacantha","Microsomacanthus_trombidacantha"
"Microsomacanthus tuvensis","Microsomacanthus_tuvensis"
"Microtetrameres centuri","Microtetrameres_centuri"
"Microtetrameres corax","Microtetrameres_corax"
"Microtetrameres helix","Microtetrameres_helix"
"Microtetrameres inermis","Microtetrameres_inermis"
"Molineus barbatus","Molineus_barbatus"
"Molluscotaenia crassiscolex","Molluscotaenia_crassiscolex"
"Molluscotaenia estavarensis","Molluscotaenia_estavarensis"
"Moniezia benedeni","Moniezia_benedeni"
"Moniezia expansa","Moniezia_expansa"
"Moniliformis clarki","Moniliformis_clarki"
"Moniliformis moniliformis","Moniliformis_moniliformis"
"Monobothrium hunteri","Monobothrium_hunteri"
"Monobothrium ingens","Monobothrium_ingens"
"Monobothrium ulmeri","Monobothrium_ulmeri"
"Monoecocestus sigmodontis","Monoecocestus_sigmodontis"
"Monoecocestus sp.","Monoecocestus_sp."
"Mosgovoyia pectinata","Mosgovoyia_pectinata"
"Muellerius capillaris","Muellerius_capillaris"
"Multitesticulata filamentosa","Multitesticulata_filamentosa"
"Muspicea borreli","Muspicea_borreli"
"Nematodiroides zembrae","Nematodiroides_zembrae"
"Nematodirus abnormalis","Nematodirus_abnormalis"
"Nematodirus battus","Nematodirus_battus"
"Nematodirus filicollis","Nematodirus_filicollis"
"Nematodirus helvetianus","Nematodirus_helvetianus"
"Nematodirus spathiger","Nematodirus_spathiger"
"Nematoparataenia southwelli","Nematoparataenia_southwelli"
"Neocamallanus ophiocephali","Neocamallanus_ophiocephali"
"Neocamallanus singhi","Neocamallanus_singhi"
"Neoctenotaenia ctenoides","Neoctenotaenia_ctenoides"
"Neoechinorhynchus cristatus","Neoechinorhynchus_cristatus"
"Neoechinorhynchus cylindratus","Neoechinorhynchus_cylindratus"
"Neoechinorhynchus emydis","Neoechinorhynchus_emydis"
"Neoechinorhynchus rutili","Neoechinorhynchus_rutili"
"Neoechinorhynchus saginatus","Neoechinorhynchus_saginatus"
"Neogryporhynchus cheilancristrotus","Neogryporhynchus_cheilancristrotus"
"Neoskrjabinolepis schaldybini","Neoskrjabinolepis_schaldybini"
"Neostrongylus linearis","Neostrongylus_linearis"
"Nesolecithus africanus","Nesolecithus_africanus"
"Nippotaenia mogurndae","Nippotaenia_mogurndae"
"Nybelinia surmenicola","Nybelinia_surmenicola"
"Obeliscoides cuniculi cuniculi","Obeliscoides_cuniculi_cuniculi"
"Obeliscoides cuniculi multistriatus","Obeliscoides_cuniculi_multistriatus"
"Octospinifer macilentis","Octospinifer_macilentis"
"Octospiniferoides chandleri","Octospiniferoides_chandleri"
"Oesophagostomum asperum","Oesophagostomum_asperum"
"Oesophagostomum bifurcum","Oesophagostomum_bifurcum"
"Oesophagostomum columbianum","Oesophagostomum_columbianum"
"Oesophagostomum dentatum","Oesophagostomum_dentatum"
"Oesophagostomum kansuensis","Oesophagostomum_kansuensis"
"Oesophagostomum quadrispinulatum","Oesophagostomum_quadrispinulatum"
"Oesophagostomum radiatum","Oesophagostomum_radiatum"
"Oesophagostomum venulosum","Oesophagostomum_venulosum"
"Ohbayashinema erbaevae","Ohbayashinema_erbaevae"
"Oligacanthorhynchus tortuosa","Oligacanthorhynchus_tortuosa"
"Ollulanus tricuspis","Ollulanus_tricuspis"
"Onchobothrium antarcticum","Onchobothrium_antarcticum"
"Onchocamallanus bagarii","Onchocamallanus_bagarii"
"Oncicola pomatostomi","Oncicola_pomatostomi"
"Oncicola venezuelensis","Oncicola_venezuelensis"
"Oochoristica anolis","Oochoristica_anolis"
"Oochoristica javaensis","Oochoristica_javaensis"
"Oochoristica osheroffi","Oochoristica_osheroffi"
"Oochoristica scelopori","Oochoristica_scelopori"
"Oochoristica vacuolata","Oochoristica_vacuolata"
"Ophidascaris baylisi","Ophidascaris_baylisi"
"Ophidascaris labiatopapillosa","Ophidascaris_labiatopapillosa"
"Ophidascaris moreliae","Ophidascaris_moreliae"
"Ophidascaris pyrrhus","Ophidascaris_pyrrhus"
"Ophidascaris trichuriformis","Ophidascaris_trichuriformis"
"Ophiotaenia europaea","Ophiotaenia_europaea"
"Ophiotaenia filaroides","Ophiotaenia_filaroides"
"Ophiotaenia gracilis","Ophiotaenia_gracilis"
"Ophiotaenia monnigi","Ophiotaenia_monnigi"
"Ophiotaenia perspicua","Ophiotaenia_perspicua"
"Ophiotaenia ranae","Ophiotaenia_ranae"
"Ophiotaenia saphena","Ophiotaenia_saphena"
"Ophryocotyle insignis","Ophryocotyle_insignis"
"Ophryocotyle proteus","Ophryocotyle_proteus"
"Ornithostrongylus quadriradiatus","Ornithostrongylus_quadriradiatus"
"Oslerus osleri","Oslerus_osleri"
"Oslerus rostratus","Oslerus_rostratus"
"Ostertagia ostertagi","Ostertagia_ostertagi"
"Oswaldocruzia filiformis","Oswaldocruzia_filiformis"
"Otostrongylus circumlitus","Otostrongylus_circumlitus"
"Oxyspirura mansoni","Oxyspirura_mansoni"
"Oxyuris equi","Oxyuris_equi"
"Pallisentis nagpurensis","Pallisentis_nagpurensis"
"Parabisaccanthes philactes","Parabisaccanthes_philactes"
"Paracamallanus cyathopharynx","Paracamallanus_cyathopharynx"
"Paracamallanus sweeti","Paracamallanus_sweeti"
"Paracapillaria philippinensis","Paracapillaria_philippinensis"
"Parachristianella monomegacantha","Parachristianella_monomegacantha"
"Paracuaria adunca","Paracuaria_adunca"
"Paradilepis caballeroi","Paradilepis_caballeroi"
"Paradilepis scolecina","Paradilepis_scolecina"
"Parafilaroides decorus","Parafilaroides_decorus"
"Parafilaroides gymnurus","Parafilaroides_gymnurus"
"Paranoplocephala macrocephala","Paranoplocephala_macrocephala"
"Paranoplocephala omphalodes","Paranoplocephala_omphalodes"
"Paraorygmatobothrium sp. 2","Paraorygmatobothrium_sp._2"
"Paraorygmatobothrium sp. 3","Paraorygmatobothrium_sp._3"
"Paraquimperia tenerrima","Paraquimperia_tenerrima"
"Parascaris equorum","Parascaris_equorum"
"Parasciurotaenia ryjikovi","Parasciurotaenia_ryjikovi"
"Paraspiralatus sakeri","Paraspiralatus_sakeri"
"Paratenuisentis ambiguus","Paratenuisentis_ambiguus"
"Parelaphostrongylus andersoni","Parelaphostrongylus_andersoni"
"Parelaphostrongylus odocoilei","Parelaphostrongylus_odocoilei"
"Parelaphostrongylus tenuis","Parelaphostrongylus_tenuis"
"Paricterotaenia paradoxa","Paricterotaenia_paradoxa"
"Paricterotaenia porosa","Paricterotaenia_porosa"
"Paruterina candelabraria","Paruterina_candelabraria"
"Paruterina rauschi","Paruterina_rauschi"
"Parvitaenia cochlearii","Parvitaenia_cochlearii"
"Passalurus ambiguus","Passalurus_ambiguus"
"Passerilepis serpentulus","Passerilepis_serpentulus"
"Passerilepis stylosa","Passerilepis_stylosa"
"Paulisentis fractus","Paulisentis_fractus"
"Paulisentis missouriensis","Paulisentis_missouriensis"
"Pearsonema mucronata","Pearsonema_mucronata"
"Pearsonema plica","Pearsonema_plica"
"Pediobothrium sp.","Pedibothrium_sp."
"Pharurus pallasii","Pharurus_pallasii"
"Philometra abdominalis","Philometra_abdominalis"
"Philometra cylindracea","Philometra_cylindracea"
"Philometra kotlani","Philometra_kotlani"
"Philometra obturans","Philometra_obturans"
"Philometra ovata","Philometra_ovata"
"Philometra overstreeti","Philometra_overstreeti"
"Philometra rischta","Philometra_rischta"
"Philometroides cyprini","Philometroides_cyprini"
"Philometroides huronensis","Philometroides_huronensis"
"Philometroides moraveci","Philometroides_moraveci"
"Philometroides nodulosa","Philometroides_nodulosa"
"Philometroides paralichthydis","Philometroides_paralichthydis"
"Philometroides sanguinea","Philometroides_sanguinea"
"Philonema agubernaculum","Philonema_agubernaculum"
"Philonema oncorhynchi","Philonema_oncorhynchi"
"Philonema sibirica","Philonema_sibirica"
"Phoreiobothrium sp. 1","Phoreiobothrium_sp._1"
"Physaloptera hispida","Physaloptera_hispida"
"Physaloptera maxillaris","Physaloptera_maxillaris"
"Physaloptera praeputialis","Physaloptera_praeputialis"
"Physaloptera rara","Physaloptera_rara"
"Physocephalus dromedarii","Physocephalus_dromedarii"
"Physocephalus sexalatus","Physocephalus_sexalatus"
"Placoconus lotoris","Placoconus_lotoris"
"Plagiorhynchus cylindraceus","Plagiorhynchus_cylindraceus"
"Platyscolex ciliata","Platyscolex_ciliata"
"Pneumostrongylus calcaratus","Pneumostrongylus_calcaratus"
"Poecilancistrium caryophyllum","Poecilancistrium_caryophyllum"
"Polydelphis anoura","Polydelphis_anoura"
"Polymorphus cincli","Polymorphus_cincli"
"Polymorphus contortus","Polymorphus_contortus"
"Polymorphus marilis","Polymorphus_marilis"
"Polymorphus minutus","Polymorphus_minutus"
"Polymorphus paradoxus","Polymorphus_paradoxus"
"Polymorphus trochus","Polymorphus_trochus"
"Polyonchobothrium clarias","Polyonchobothrium_clarias"
"Polyonchobothrium ophiocephalina","Polyonchobothrium_ophiocephalina"
"Pomphorhynchus bulbocolli","Pomphorhynchus_bulbocolli"
"Pomphorhynchus laevis","Pomphorhynchus_laevis"
"Porrocaecum angusticolle","Porrocaecum_angusticolle"
"Porrocaecum crassum","Porrocaecum_crassum"
"Porrocaecum ensicaudatum","Porrocaecum_ensicaudatum"
"Porrocaecum semiteres","Porrocaecum_semiteres"
"Procamallanus fukiensis","Procamallanus_fukiensis"
"Procamallanus laeviconchus","Procamallanus_laeviconchus"
"Procamallanus neocaballeroi","Procamallanus_neocaballeroi"
"Procamallanus rebecae","Procamallanus_rebecae"
"Procamallanus saccobranchi","Procamallanus_saccobranchi"
"Procamallanus spiculogubernaculus","Procamallanus_spiculogubernaculus"
"Prochristianella hispida","Prochristianella_hispida"
"Procyrnea zorillae","Procyrnea_zorillae"
"Profilicollis altmani","Profilicollis_altmani"
"Profilicollis botulus","Profilicollis_botulus"
"Profilicollis brevis","Profilicollis_brevis"
"Profilicollis chasmagnathi","Profilicollis_chasmagnathi"
"Profilicollis novaezelandensis","Profilicollis_novaezelandensis"
"Proleptus niedmanni","Proleptus_niedmanni"
"Proleptus obtusus","Proleptus_obtusus"
"Prosthenorchis elegans","Prosthenorchis_elegans"
"Protenema longispicula","Protenema_longispicula"
"Proteocephalus ambiguus","Proteocephalus_ambiguus"
"Proteocephalus ambloplitis","Proteocephalus_ambloplitis"
"Proteocephalus cernuae","Proteocephalus_cernuae"
"Proteocephalus filicollis","Proteocephalus_filicollis"
"Proteocephalus fluviatilis","Proteocephalus_fluviatilis"
"Proteocephalus longicollis","Proteocephalus_longicollis"
"Proteocephalus macrocephalus","Proteocephalus_macrocephalus"
"Proteocephalus osculatus","Proteocephalus_osculatus"
"Proteocephalus pearsei","Proteocephalus_pearsei"
"Proteocephalus percae","Proteocephalus_percae"
"Proteocephalus thymalli","Proteocephalus_thymalli"
"Proteocephalus torulosus","Proteocephalus_torulosus"
"Protospirura muricola","Protospirura_muricola"
"Protospirura numidica","Protospirura_numidica"
"Protostrongylus boughtoni","Protostrongylus_boughtoni"
"Protostrongylus cuniculorum","Protostrongylus_cuniculorum"
"Protostrongylus davtiani","Protostrongylus_davtiani"
"Protostrongylus hobmaieri","Protostrongylus_hobmaieri"
"Protostrongylus oryctolagi","Protostrongylus_oryctolagi"
"Protostrongylus pulmonalis/kamenskyi","Protostrongylus_pulmonalis"
"Protostrongylus rufescens","Protostrongylus_rufescens"
"Protostrongylus skrjabini","Protostrongylus_skrjabini"
"Protostrongylus stilesi/rushi","Protostrongylus_stilesi"
"Protostrongylus tauricus","Protostrongylus_tauricus"
"Pseudalius inflexus","Pseudalius_inflexus"
"Pseudanoplocephala crawfordi","Pseudanoplocephala_crawfordi"
"Pseudanthobothrium purtoni","Pseudanthobothrium_purtoni"
"Pseudhymenolepis redonica","Pseudhymenolepis_redonica"
"Pseudocapillaria tomentosa","Pseudocapillaria_tomentosa"
"Pseudocorynosoma constrictum","Pseudocorynosoma_constrictum"
"Pseudodelphis oligocotti","Pseudodelphis_oligocotti"
"Pseudophysaloptera vincenti","Pseudophysaloptera_vincenti"
"Pseudoproleptus sp.","Pseudoproleptus_sp."
"Pseudoterranova cattani","Pseudoterranova_cattani"
"Pseudoterranova decipiens [A-D]","Pseudoterranova_decipiens"
"Pterygodermatites affinis","Pterygodermatites_affinis"
"Pterygodermatites coloradensis","Pterygodermatites_coloradensis"
"Pterygodermatites desportesi","Pterygodermatites_desportesi"
"Pterygodermatites hispanica","Pterygodermatites_hispanica"
"Pterygodermatites nycticebi","Pterygodermatites_nycticebi"
"Pterygodermatites peromysci","Pterygodermatites_peromysci"
"Pterygodermatites taterilli","Pterygodermatites_taterilli"
"Pterygodermatites zygodontomis","Pterygodermatites_zygodontomis"
"Ptilotolepis raymondi","Ptilotolepis_raymondi"
"Quadriplotriaena hypsokysta","Quadriplotriaena_hypsokysta"
"Rabbium paradoxus","Rabbium_paradoxus"
"Raillietina australis","Raillietina_australis"
"Raillietina beveridgei","Raillietina_beveridgei"
"Raillietina bonini","Raillietina_bonini"
"Raillietina cesticillus","Raillietina_cesticillus"
"Raillietina chiltoni","Raillietina_chiltoni"
"Raillietina dromaius","Raillietina_dromaius"
"Raillietina echinobothrida","Raillietina_echinobothrida"
"Raillietina georgiensis","Raillietina_georgiensis"
"Raillietina loeweni","Raillietina_loeweni"
"Raillietina mitchelli","Raillietina_mitchelli"
"Raillietina tetragona","Raillietina_tetragona"
"Raphidascaris acus","Raphidascaris_acus"
"Raphidascaris gigi","Raphidascaris_gigi"
"Retinometra exigua","Retinometra_exigua"
"Retinometra venusta","Retinometra_venusta"
"Rhabdochona canadensis","Rhabdochona_canadensis"
"Rhabdochona cascadilla","Rhabdochona_cascadilla"
"Rhabdochona coronacauda","Rhabdochona_coronacauda"
"Rhabdochona denudata","Rhabdochona_denudata"
"Rhabdochona ergensi","Rhabdochona_ergensi"
"Rhabdochona gnedini","Rhabdochona_gnedini"
"Rhabdochona hellichi","Rhabdochona_hellichi"
"Rhabdochona kidderi","Rhabdochona_kidderi"
"Rhabdochona oncorhynchi","Rhabdochona_oncorhynchi"
"Rhabdochona phoxini","Rhabdochona_phoxini"
"Rhodobothrium mesodesmatum","Rhodobothrium_mesodesmatum"
"Rhodobothrium paucitesticulare","Rhodobothrium_paucitesticulare"
"Rictularia cristata","Rictularia_cristata"
"Rictularia proni","Rictularia_proni"
"Rodentolepis asymmetrica","Rodentolepis_asymmetrica"
"Rodentolepis microstoma","Rodentolepis_microstoma"
"Rodentolepis straminea","Rodentolepis_straminea"
"Ryjikovilepis dubininae","Ryjikovilepis_dubininae"
"Salvelinema salmonicola","Salvelinema_salmonicola"
"Salvelinema walkeri","Salvelinema_walkeri"
"Schistocephalus pungitii","Schistocephalus_pungitii"
"Schistocephalus solidus","Schistocephalus_solidus"
"Schistotaenia colymba","Schistotaenia_colymba"
"Schistotaenia srivastavai","Schistotaenia_srivastavai"
"Schistotaenia tenuicirrus","Schistotaenia_tenuicirrus"
"Schizorchis altaica","Schizorchis_altaica"
"Sciurotaenia transversaria","Sciurotaenia_transversaria"
"Sclerocollum saudii","Sclerocollum_saudii"
"Serpinema trispinosum","Serpinema_trispinosum"
"Serratospiculum seurati","Serratospiculum_seurati"
"Serratospiculum tendo","Serratospiculum_tendo"
"Seuratum cadarachense","Seuratum_cadarachense"
"Seuratum nguyenvanaii","Seuratum_nguyenvanaii"
"Sicarius dipterum","Sicarius_dipterum"
"Simondsia paradoxa","Simondsia_paradoxa"
"Skrjabinelazia galliardi","Skrjabinelazia_galliardi"
"Skrjabinema ovis","Skrjabinema_ovis"
"Skrjabingylus chitwoodorum","Skrjabingylus_chitwoodorum"
"Skrjabingylus lutrae","Skrjabingylus_lutrae"
"Skrjabingylus nasicola","Skrjabingylus_nasicola"
"Skrjabingylus petrowi","Skrjabingylus_petrowi"
"Skrjabinocerca americana","Skrjabinocerca_americana"
"Skrjabinocerca prima","Skrjabinocerca_prima"
"Skrjabinoclava inornatae","Skrjabinoclava_inornatae"
"Skrjabinoclava morrisoni","Skrjabinoclava_morrisoni"
"Skrjabinoptera phrynosoma","Skrjabinoptera_phrynosoma"
"Sobolevicanthus bisaccata","Sobolevicanthus_bisaccata"
"Sobolevicanthus gracilis","Sobolevicanthus_gracilis"
"Sobolevicanthus krabbeella","Sobolevicanthus_krabbeella"
"Sobolevicanthus octacantha","Sobolevicanthus_octacantha"
"Soboliphyme baturini","Soboliphyme_baturini"
"Soboliphyme occidentalis","Soboliphyme_occidentalis"
"Soboliphyme soricis","Soboliphyme_soricis"
"Southwellina hispida","Southwellina_hispida"
"Spathebothrium simplex","Spathebothrium_simplex"
"Sphaerirostris picae","Sphaerirostris_picae"
"Spinicauda freitasi","Spinicauda_freitasi"
"Spinitectus carolini","Spinitectus_carolini"
"Spinitectus gracilis","Spinitectus_gracilis"
"Spinitectus inermis","Spinitectus_inermis"
"Spinitectus micracanthus","Spinitectus_micracanthus"
"Spinitectus ranae","Spinitectus_ranae"
"Spirocamallanus cricotus","Spirocamallanus_cricotus"
"Spirocamallanus fulvidraconis","Spirocamallanus_fulvidraconis"
"Spirocamallanus hilarii","Spirocamallanus_hilarii"
"Spirocamallanus mysti","Spirocamallanus_mysti"
"Spirocerca lupi","Spirocerca_lupi"
"Spirometra erinacei","Spirometra_erinacei"
"Spirometra mansonoides","Spirometra_mansonoides"
"Spiroxys contortus","Spiroxys_contortus"
"Spirura infundibuliformis","Spirura_infundibuliformis"
"Spirura malayensis","Spirura_malayensis"
"Spirura rytipleurites","Spirura_rytipleurites"
"Spirura talpae","Spirura_talpae"
"Spongiobothrium sp.","Spongiobothrium_sp."
"Staphylocystis brusatae","Staphylocystis_brusatae"
"Staphylocystis furcata","Staphylocystis_furcata"
"Staphylocystis pistillum","Staphylocystis_pistillum"
"Staphylocystis scalaris","Staphylocystis_scalaris"
"Stephanurus dentatus","Stephanurus_dentatus"
"Sterliadochona ephemeridarum","Sterliadochona_ephemeridarum"
"Stilesia globipunctata","Stilesia_globipunctata"
"Streptocara crassicauda","Streptocara_crassicauda"
"Streptopharagus greenbergi","Streptopharagus_greenbergi"
"Streptopharagus kutassi","Streptopharagus_kutassi"
"Streptopharagus pigmentatus","Streptopharagus_pigmentatus"
"Strongylus edentatus","Strongylus_edentatus"
"Strongylus equinus","Strongylus_equinus"
"Strongylus vulgaris","Strongylus_vulgaris"
"Subulura bolivari","Subulura_bolivari"
"Subulura jacchi","Subulura_jacchi"
"Subulura otolicni","Subulura_otolicni"
"Subulura williaminglisi","Subulura_williaminglisi"
"Sulcascaris sulcata","Sulcascaris_sulcata"
"Syncuaria squamata","Syncuaria_squamata"
"Syngamus trachea","Syngamus_trachea"
"Syphacia muris","Syphacia_muris"
"Syphacia obvelata","Syphacia_obvelata"
"Taenia acinonyxi","Taenia_acinonyxi"
"Taenia arctos","Taenia_arctos"
"Taenia asiatica","Taenia_asiatica"
"Taenia crassiceps","Taenia_crassiceps"
"Taenia crocutae","Taenia_crocutae"
"Taenia endothoracicus","Taenia_endothoracicus"
"Taenia gonyamai","Taenia_gonyamai"
"Taenia hyaenae","Taenia_hyaenae"
"Taenia hydatigena","Taenia_hydatigena"
"Taenia krepkogorski","Hydatigera_krepkogorski"
"Taenia laticollis","Taenia_laticollis"
"Taenia macrocystis","Taenia_macrocystis"
"Taenia madoquae","Taenia_madoquae"
"Taenia martis","Taenia_martis"
"Taenia multiceps","Taenia_multiceps"
"Taenia mustelae","Versteria_mustelae"
"Taenia olngojinei","Taenia_olngojinei"
"Taenia omissa","Taenia_omissa"
"Taenia ovis/krabbei","Taenia_ovis"
"Taenia parenchymatosa","Taenia_parenchymatosa"
"Taenia parva","Taenia_parva"
"Taenia pencei","Taenia_pencei"
"Taenia pisiformis","Taenia_pisiformis"
"Taenia polyacantha","Taenia_polyacantha"
"Taenia regis","Taenia_regis"
"Taenia rileyi","Taenia_rileyi"
"Taenia saginata","Taenia_saginata"
"Taenia selousi","Taenia_selousi"
"Taenia serialis","Taenia_serialis"
"Taenia simbae","Taenia_simbae"
"Taenia solium","Taenia_solium"
"Taenia taeniaeformis","Hydatigera_taeniaeformis"
"Taenia talicei","Taenia_talicei"
"Taenia taxidiensis","Taenia_taxidiensis"
"Taenia twitchelli","Taenia_twitchelli"
"Tanaorhamphus longirostris","Tanaorhamphus_longirostris"
"Tarsubulura perarmata","Tarsubulura_perarmata"
"Tatria biremis","Tatria_biremis"
"Tegorhynchus furcatus","Tegorhynchus_furcatus"
"Teladorsagia circumcincta","Teladorsagia_circumcincta"
"Tetrabothrius erostris","Tetrabothrius_erostris"
"Tetrabothrius sp.","Tetrabothrius_sp."
"Tetrameres americana","Tetrameres_americana"
"Tetrameres cardinalis","Tetrameres_cardinalis"
"Tetrameres confusa","Tetrameres_confusa"
"Tetrameres crami","Tetrameres_crami"
"Tetrameres fissispina","Tetrameres_fissispina"
"Tetrameres mohtedai","Tetrameres_mohtedai"
"Tetrameres pattersoni","Tetrameres_pattersoni"
"Thelastoma bulhoesi","Thelastoma_bulhoesi"
"Thubunaea baylisi","Thubunaea_baylisi"
"Thysaniezia giardi","Thysaniezia_giardi"
"Toxascaris leonina","Toxascaris_leonina"
"Toxocara canis","Toxocara_canis"
"Toxocara cati","Toxocara_cati"
"Toxocara mackerrasae","Toxocara_mackerrasae"
"Toxocara pteropodis","Toxocara_pteropodis"
"Toxocara vitulorum","Toxocara_vitulorum"
"Travassosascaris araujoi","Travassosascaris_araujoi"
"Triaenophorus crassus","Triaenophorus_crassus"
"Triaenophorus nodulosus","Triaenophorus_nodulosus"
"Triaenophorus stizostedionis","Triaenophorus_stizostedionis"
"Trichosomoides crassicauda","Trichosomoides_crassicauda"
"Trichospirura leptostoma","Trichospirura_leptostoma"
"Trichostrongylus axei","Trichostrongylus_axei"
"Trichostrongylus colubriformis","Trichostrongylus_colubriformis"
"Trichostrongylus retortaeformis","Trichostrongylus_retortaeformis"
"Trichostrongylus rugatus","Trichostrongylus_rugatus"
"Trichostrongylus sigmodontis","Trichostrongylus_sigmodontis"
"Trichostrongylus skrjabini","Trichostrongylus_skrjabini"
"Trichostrongylus tenuis","Trichostrongylus_tenuis"
"Trichostrongylus vitrinus","Trichostrongylus_vitrinus"
"Trichuris discolor","Trichuris_discolor"
"Trichuris muris","Trichuris_muris"
"Trichuris ovis","Trichuris_ovis"
"Trichuris skrjabini","Trichuris_skrjabini"
"Trichuris suis","Trichuris_suis"
"Trichuris trichiura","Trichuris_trichiura"
"Trichuris vulpis","Trichuris_vulpis"
"Trilobostrongylus bioccai","Trilobostrongylus_bioccai"
"Triodontolepis bifurca","Triodontolepis_bifurca"
"Triodontolepis hamanni","Triodontolepis_hamanni"
"Triodontolepis kurashvilii","Triodontolepis_kurashvilii"
"Triodontolepis sumavensis","Triodontolepis_sumavensis"
"Triodontophorus tenuicollis","Triodontophorus_tenuicollis"
"Troglostrongylus brevior","Troglostrongylus_brevior"
"Truttaedacnitis pybusae","Truttaedacnitis_pybusae"
"Truttaedacnitis truttae","Truttaedacnitis_truttae"
"Tschertkovilepis setigera","Tschertkovilepis_setigera"
"Turgida turgida","Turgida_turgida"
"Umingmakstrongylus pallikuukensis","Umingmakstrongylus_pallikuukensis"
"Uncinaria stenocephala","Uncinaria_stenocephala"
"Urocystis prolifer","Urocystis_prolifer"
"Valipora campylancristrota","Valipora_campylancristrota"
"Valipora minuta","Valipora_minuta"
"Valipora mutabilis","Valipora_mutabilis"
"Vampirolepis evaginata","Vampirolepis_evaginata"
"Varestrongylus alpenae","Varestrongylus_alpenae"
"Varestrongylus capreoli","Varestrongylus_capreoli"
"Varestrongylus eleguneniensis","Varestrongylus_eleguneniensis"
"Varestrongylus pneumonicus","Varestrongylus_pneumonicus"
"Varestrongylus sagittatus","Varestrongylus_sagittatus"
"Variolepis farciminosa","Variolepis_farciminosa"
"Vaucherilepis trichophorus","Vaucherilepis_trichophorus"
"Vigisolepis spinulosa","Vigisolepis_spinulosa"
"Vigisospirura potekhina","Vigisospirura_potekhina"
"Wardium fryei","Wardium_fryei"
"Wardium fusa","Wardium_fusa"
"Wardium manubriatum","Wardium_manubriatum"
"Wardium paraporale","Wardium_paraporale"
"Wardium stellorae","Wardium_stellorae"
